{"cameraMode":{"drawMode":0,"name":"Shaded","section":"Shading Mode"},"sceneLighting":true,"audioPlay":false,"sceneViewState":{"m_AlwaysRefresh":false,"showFog":true,"showSkybox":true,"showFlares":true,"showImageEffects":true,"showParticleSystems":true,"showVisualEffectGraphs":true,"m_FxEnabled":true},"in2DMode":false,"pivot":{"x":-2.936964511871338,"y":3.101618766784668,"z":-6.418968200683594},"rotation":{"x":-0.23362699151039124,"y":-0.005253558047115803,"z":0.0012622460490092636,"w":-0.9723116159439087},"size":10.174365997314454,"orthographic":false}