{"cameraMode":{"drawMode":0,"name":"Shaded","section":"Shading Mode"},"sceneLighting":true,"audioPlay":false,"sceneViewState":{"m_AlwaysRefresh":false,"showFog":true,"showSkybox":true,"showFlares":true,"showImageEffects":true,"showParticleSystems":true,"showVisualEffectGraphs":true,"m_FxEnabled":true},"in2DMode":false,"pivot":{"x":-0.009650036692619324,"y":3.2700424194335939,"z":-6.379382610321045},"rotation":{"x":-0.23362699151039124,"y":-0.005253558047115803,"z":0.0012622460490092636,"w":-0.9723116159439087},"size":5.371250629425049,"orthographic":false}